Top queries,Clicks,Impressions,CTR,Position
localsurge,1,8,12.5%,7.25
local seo florida,0,152,0%,25.97
florida seo,0,125,0%,59.76
local seo audit tool,0,84,0%,57.38
surge seo,0,83,0%,18.17
local seo audit free,0,77,0%,61.57
local seo services florida,0,70,0%,60.01
local seo guru,0,68,0%,62.79
florida local seo,0,64,0%,23.89
free local seo audit,0,64,0%,65.31
free local seo tool,0,63,0%,34.63
free local seo tools,0,37,0%,30.27
local seo new york ny,0,35,0%,60.17
local seo plans,0,35,0%,68.26
local seo company florida,0,32,0%,62.5
local business optimization nyc,0,26,0%,57.31
florida local seo service,0,25,0%,59.8
"""local seo"" -site:reddit.com -site:twitter.com -site:x.com -site:wykop.pl 
-site:tripadvisor.com -site:youtube.com -site:yelp.com -site:booking.com 
-site:facebook.com -site:instagram.com -site:tiktok.com",0,24,0%,4.42
local seo in florida,0,24,0%,34.33
local seo audit tools for agencies,0,24,0%,72.88
local seo analysis,0,20,0%,47.85
local seo audit tools,0,20,0%,55.35
local seo aurora,0,20,0%,75.65
local seo truro,0,20,0%,82
local seo services south florida,0,18,0%,72.61
free local seo,0,17,0%,36.35
florida seo solutions,0,17,0%,69.06
aurora local seo,0,16,0%,80.69
florida seo services for small businesses,0,16,0%,81.44
fl local seo,0,13,0%,26
local maps seo services,0,13,0%,77.38
local seo service florida,0,12,0%,54.17
local seo near me florida,0,12,0%,68.92
local seo services in florida,0,12,0%,77.67
seo fl,0,11,0%,61.09
fl seo,0,11,0%,63.45
local seo bellevue,0,11,0%,66.45
seo services for small businesses in florida,0,11,0%,77.55
local seo tools free,0,9,0%,38.22
local seo south florida,0,9,0%,42.33
local seo for escort directories,0,9,0%,50
local business seo erie county ny,0,9,0%,81.22
local map seo service,0,8,0%,79.88
"""seo.com"" -surferseo.com",0,7,0%,22.86
local seo analyzer,0,7,0%,38
south florida seo resources,0,7,0%,92.57
local seo pasco county,0,6,0%,41.17
local seo george,0,6,0%,51.83
local seo service fl,0,6,0%,53.33
local seo augusta,0,6,0%,69.5
local seo cumming,0,6,0%,69.67
new york capital local seo,0,5,0%,25.8
seo reseller florida,0,5,0%,57.4
local seo johns creek,0,5,0%,71.8
local seo kingwood,0,5,0%,71.8
local seo in new york,0,5,0%,76.6
best local seo audit tool,0,5,0%,92.8
local seo services medley florida,0,4,0%,28
local seo free,0,4,0%,28.5
local seo service in florida,0,4,0%,79
local seo strategies with ai integration,0,4,0%,80.25
seo reseller services florida,0,4,0%,87
local seo services cedar key florida,0,3,0%,23
local seo scan,0,3,0%,30.33
ny local seo,0,3,0%,31.33
local seo nyc,0,3,0%,33.67
local seo hamburg ny,0,3,0%,39.33
free local seo report,0,3,0%,52.33
local seo jupiter fl,0,3,0%,68
local seo checkup,0,3,0%,68.67
free seo analysis san diego,0,3,0%,77
local seo site audit software,0,3,0%,80
local seo services gainesville florida,0,3,0%,81.33
surround sound seo,0,3,0%,81.67
radiant beacon local seo,0,3,0%,86
ranking surge,0,2,0%,21
seo for small business florida,0,2,0%,40
florida local seo services,0,2,0%,57.5
south florida local seo,0,2,0%,61
top local directories for seo,0,2,0%,61.5
local seo services white springs florida,0,2,0%,63
local seo ny,0,2,0%,63.5
local seo services lake alfred florida,0,2,0%,66.5
local seo services lake hamilton florida,0,2,0%,70.5
local seo services el portal florida,0,2,0%,71.5
local seo services levy florida,0,2,0%,72
local seo georgia login,0,2,0%,74.5
local seo services palmetto bay florida,0,2,0%,75.5
local seo reynoldsburg,0,2,0%,77.5
local seo services greenville florida,0,2,0%,79
local seo services gulf stream florida,0,2,0%,79
local seo services in south florida,0,2,0%,83
local seo services horseshoe beach florida,0,2,0%,84
local seo services ponce de leon florida,0,2,0%,88.5
local seo east village,0,2,0%,90.5
local seo optimization in nyc,0,2,0%,93.5
local seo evolution solution marketing,0,2,0%,95
local search optimization dayton,0,2,0%,96.5
local seo fl,0,1,0%,9
local seo gulf cove,0,1,0%,24
local seo scanner,0,1,0%,28
search surge,0,1,0%,28
local search force,0,1,0%,30
local seo sunrise fl,0,1,0%,30
local seo services sunrise florida,0,1,0%,40
free local seo audit san diego,0,1,0%,41
local seo butcher surprise,0,1,0%,41
local seo services bay florida,0,1,0%,41
local seo services st. johns florida,0,1,0%,41
rank surge seo,0,1,0%,42
local seo services high springs florida,0,1,0%,43
new york city local seo,0,1,0%,45
seo lounge,0,1,0%,45
florida seo gency,0,1,0%,46
local seo and business listings,0,1,0%,46
local seo services marianna florida,0,1,0%,46
local seo gainesville,0,1,0%,47
local seo services indian shores florida,0,1,0%,51
free local seo atlanta,0,1,0%,59
local seo services punta gorda florida,0,1,0%,59
local seo stuart,0,1,0%,60
free local seo audit tool,0,1,0%,62
local seo services penney farms florida,0,1,0%,64
local seo suwanee,0,1,0%,64
local seo services surprise,0,1,0%,65
local seo test,0,1,0%,65
local map optimization dayton,0,1,0%,67
local seo services bascom florida,0,1,0%,68
local seo services labelle florida,0,1,0%,69
local seo victoria,0,1,0%,69
local seo windsor,0,1,0%,69
local seo maps,0,1,0%,71
local seo services key colony beach florida,0,1,0%,72
local seo city heights,0,1,0%,74
top seo companies florida,0,1,0%,74
local seo services graceville florida,0,1,0%,75
local seo services ponce inlet florida,0,1,0%,75
local seo services lazy lake florida,0,1,0%,76
local seo services moore haven florida,0,1,0%,76
local seo services noma florida,0,1,0%,76
local seo services port st. joe florida,0,1,0%,77
local search engine optimization services florida,0,1,0%,78
local seo services worthington springs florida,0,1,0%,78
local search growth,0,1,0%,79
east coast florida seo company,0,1,0%,82
local seo services edgewood florida,0,1,0%,82
local seo services mascotte florida,0,1,0%,82
contractor google business profile tips,0,1,0%,83
local seo hoschton,0,1,0%,84
local seo for local businesses,0,1,0%,85
local seo services callahan florida,0,1,0%,86
local seo services carrabelle florida,0,1,0%,86
local seo services debary florida,0,1,0%,86
local seo services gretna florida,0,1,0%,86
local seo services malone florida,0,1,0%,87
local seo services mcintosh florida,0,1,0%,87
local seo services layton florida,0,1,0%,88
local seo services fort meade florida,0,1,0%,89
local seo services keystone heights florida,0,1,0%,89
local seo services anna maria florida,0,1,0%,90
local seo services frostproof florida,0,1,0%,90
google business profile checklist,0,1,0%,91
google business profile optimization for contractors,0,1,0%,91
local seo battle creek,0,1,0%,91
local seo services hillcrest heights florida,0,1,0%,91
local seo services wakulla florida,0,1,0%,91
local seo services laurel hill florida,0,1,0%,92
local seo services alford florida,0,1,0%,94
local seo services esto florida,0,1,0%,94
local seo services columbia florida,0,1,0%,95
local seo services crescent florida,0,1,0%,95
local seo services micanopy florida,0,1,0%,95
local seo services pomona park florida,0,1,0%,96
google business profile optimization for ma contractors,0,1,0%,97
benefits of optimizing for local seo with ai,0,1,0%,98
local seo services calhoun florida,0,1,0%,98
local seo services glades florida,0,1,0%,98
improve website ranking usa target audience south florida,0,1,0%,99
local seo services jefferson florida,0,1,0%,99
local seo services union florida,0,1,0%,99
local seo services century florida,0,1,0%,100
local seo services haines florida,0,1,0%,100